label,acc,sn,sp,mcc,f1,recall,roc,pr_auc
toxic: 1k,0.6993227990970655,0.40535714285714286,1.0,0.5020492200207429,0.576874205844981,0.40535714285714286,0.9753432811480757,0.9783779026579914
toxic: 1k,0.8410835214446952,0.6866071428571429,0.9990867579908675,0.7198915423522494,0.8137566137566138,0.6866071428571429,0.9868126223091976,0.9886135385914914
toxic: 1k,0.8880361173814898,0.7794642857142857,0.9990867579908675,0.796403311018685,0.8756268806419257,0.7794642857142857,0.9912712002609262,0.9920520857752224
toxic: 1k,0.9155756207674943,0.8366071428571429,0.9963470319634703,0.8424762263486547,0.9092673459485687,0.8366071428571429,0.9934890737116764,0.9940302268173826
toxic: 1k,0.9286681715575621,0.8642857142857143,0.9945205479452055,0.8650593494532489,0.9245463228271252,0.8642857142857143,0.9941984670580561,0.994726813621739
toxic: 1k,0.9349887133182844,0.8776785714285714,0.993607305936073,0.8761754976268185,0.9317535545023696,0.8776785714285714,0.9950497390737117,0.9954983267811447
toxic: 1k,0.944018058690745,0.8964285714285715,0.9926940639269406,0.8923899438973156,0.9418386491557225,0.8964285714285715,0.9955683300717548,0.9959729039744107
toxic: 1k,0.944920993227991,0.8982142857142857,0.9926940639269406,0.8940434358711709,0.9428303655107778,0.8982142857142857,0.9960755055446836,0.9964416635725601
toxic: 1k,0.9557562076749435,0.9214285714285714,0.9908675799086758,0.9138376524084391,0.9546716003700277,0.9214285714285714,0.9962092302674495,0.9965846311417177
toxic: 1k,0.9571106094808126,0.9223214285714286,0.9926940639269406,0.9166110849853797,0.956038870893105,0.9223214285714286,0.9965671885192432,0.9969068050801164
toxic: 1k,0.9620767494356659,0.9321428571428572,0.9926940639269406,0.925941400998778,0.9613259668508288,0.9321428571428572,0.9966764514024787,0.9969991698220375
toxic: 1k,0.9688487584650113,0.95,0.9881278538812786,0.9384240275744669,0.968593536640874,0.95,0.9968778538812786,0.9971693014669822
toxic: 1k,0.9656884875846501,0.9428571428571428,0.989041095890411,0.9324321223064674,0.9652650822669104,0.9428571428571428,0.9971029028049576,0.997382408982562
toxic: 1k,0.9751693002257337,0.9633928571428572,0.9872146118721461,0.9506283979527792,0.9751468594667873,0.9633928571428572,0.9971673189823874,0.9974462180231699
toxic: 1k,0.9715575620767495,0.9535714285714286,0.9899543378995433,0.9437782131936789,0.9713506139154162,0.9535714285714286,0.997273320287019,0.9975526903885202
toxic: 1k,0.9724604966139955,0.9544642857142858,0.9908675799086758,0.9455847955797549,0.9722601182355616,0.9544642857142858,0.9974502609262883,0.9976748745440399
toxic: 1k,0.9715575620767495,0.9508928571428571,0.9926940639269406,0.9439849503682408,0.9712722298221614,0.9508928571428571,0.9975481082844097,0.9977638790089323
toxic: 1k,0.9702031602708804,0.9491071428571428,0.9917808219178083,0.9413117425561749,0.969890510948905,0.9491071428571428,0.9975489236790607,0.9977859066797168
toxic: 1k,0.9729119638826185,0.95625,0.9899543378995433,0.9463949633892501,0.9727520435967303,0.95625,0.9974845075016308,0.9977164008395133
toxic: 1k,0.9751693002257337,0.9625,0.9881278538812786,0.9506728150091114,0.9751243781094527,0.9625,0.9977258643183301,0.9978918867955354
toxic: 1k,0.9706546275395034,0.9517857142857142,0.9899543378995433,0.9420373662753628,0.9704142011834319,0.9517857142857142,0.9975562622309198,0.9977537103888346
toxic: 1k,0.9742663656884876,0.9598214285714286,0.989041095890411,0.9489646690135463,0.9741730856366109,0.9598214285714286,0.9976345401174167,0.9978233248976794
toxic: 1k,0.9751693002257337,0.9625,0.9881278538812786,0.9506728150091114,0.9751243781094527,0.9625,0.9977209719504241,0.9978732014597494
toxic: 1k,0.9724604966139955,0.9544642857142858,0.9908675799086758,0.9455847955797549,0.9722601182355616,0.9544642857142858,0.9976581865622962,0.9978475257561974
toxic: 1k,0.9715575620767495,0.9508928571428571,0.9926940639269406,0.9439849503682408,0.9712722298221614,0.9508928571428571,0.997862035225049,0.9980277075794797
toxic: 1k,0.9738148984198646,0.9589285714285715,0.989041095890411,0.9480879537723461,0.9737080689029919,0.9589285714285715,0.9977291258969342,0.9979122289385397
toxic: 1k,0.9756207674943567,0.9616071428571429,0.9899543378995433,0.9516483932545391,0.9755434782608696,0.9616071428571429,0.9978555120678407,0.9980043151293999
toxic: 1k,0.9774266365688488,0.9660714285714286,0.989041095890411,0.9551226489401873,0.9774164408310749,0.9660714285714286,0.99772586431833,0.997887248047654
toxic: 1k,0.9742663656884876,0.9589285714285715,0.9899543378995433,0.9490183382746873,0.9741496598639456,0.9589285714285715,0.9976850945857796,0.9978646618729252
toxic: 1k,0.9778781038374718,0.9660714285714286,0.9899543378995433,0.9560468147000579,0.9778581111613195,0.9660714285714286,0.9976720482713634,0.9978615377080291
toxic: 1k,0.9778781038374718,0.9660714285714286,0.9899543378995433,0.9560468147000579,0.9778581111613195,0.9660714285714286,0.9975693085453359,0.9977401290543625
toxic: 1k,0.9783295711060948,0.96875,0.9881278538812786,0.9568521072286983,0.9783588818755635,0.96875,0.9973295825179386,0.9975895930613253
toxic: 1k,0.9769751693002258,0.96875,0.9853881278538813,0.9540937849951054,0.9770373705538046,0.96875,0.9975986627527724,0.9977410518516441
toxic: 1k,0.981489841986456,0.9785714285714285,0.9844748858447488,0.9629968466706244,0.9816390506045678,0.9785714285714285,0.9977250489236791,0.9978476385881254
toxic: 1k,0.9783295711060948,0.9705357142857143,0.9863013698630136,0.9567879353459072,0.9783978397839783,0.9705357142857143,0.9976100782778865,0.9977878226318215
toxic: 1k,0.9742663656884876,0.9580357142857143,0.9908675799086758,0.9490751090569038,0.9741261915569677,0.9580357142857143,0.9976573711676451,0.9978487257708484
toxic: 1k,0.9792325056433409,0.9723214285714286,0.9863013698630136,0.9585665241650965,0.97931654676259,0.9723214285714286,0.9975954011741683,0.997756105185371
toxic: 1k,0.9792325056433409,0.9714285714285714,0.9872146118721461,0.9585939417259792,0.9792979297929794,0.9714285714285714,0.9976916177429875,0.9978400895180117
toxic: 1k,0.9756207674943567,0.9616071428571429,0.9899543378995433,0.9516483932545391,0.9755434782608696,0.9616071428571429,0.997422537508154,0.9976735318165371
toxic: 1k,0.9778781038374718,0.9678571428571429,0.9881278538812786,0.9559670686265435,0.9778980604420388,0.9678571428571429,0.9975407697325505,0.9977535925981078
toxic: 1k,0.9787810383747179,0.9705357142857143,0.9872146118721461,0.957705815424859,0.9788383610986042,0.9705357142857143,0.9975554468362688,0.9977747342983411
toxic: 1k,0.9751693002257337,0.9616071428571429,0.989041095890411,0.9507203362230336,0.9751018560434587,0.9616071428571429,0.9973833985649054,0.9976148897183292
toxic: 1k,0.9778781038374718,0.9678571428571429,0.9881278538812786,0.9559670686265435,0.9778980604420388,0.9678571428571429,0.9973067514677103,0.9975962762710994
toxic: 1k,0.9774266365688488,0.96875,0.9863013698630136,0.9550124350551187,0.9774774774774775,0.96875,0.9973776908023484,0.9975800685012569
toxic: 1k,0.9769751693002258,0.96875,0.9853881278538813,0.9540937849951054,0.9770373705538046,0.96875,0.9973988910632746,0.9976484150809481
toxic: 1k,0.9783295711060948,0.9696428571428571,0.9872146118721461,0.9568184605774316,0.9783783783783785,0.9696428571428571,0.9973597521200261,0.9975966570901571
toxic: 1k,0.9783295711060948,0.9696428571428571,0.9872146118721461,0.9568184605774316,0.9783783783783785,0.9696428571428571,0.9975652315720809,0.9976974882744875
toxic: 1k,0.9787810383747179,0.9705357142857143,0.9872146118721461,0.957705815424859,0.9788383610986042,0.9705357142857143,0.9974706457925636,0.9976144404343475
toxic: 1k,0.9778781038374718,0.96875,0.9872146118721461,0.955931875039718,0.9779179810725551,0.96875,0.9968656229615134,0.9971456163557298
toxic: 1k,0.9765237020316027,0.9696428571428571,0.9835616438356164,0.9531485447807728,0.9766187050359713,0.9696428571428571,0.9973263209393347,0.997548938441346
toxic: 1k,0.98058690744921,0.9776785714285714,0.9835616438356164,0.9611908402905524,0.980743394536498,0.9776785714285714,0.9975032615786041,0.9976388032115667
toxic: 1k,0.9796839729119639,0.9794642857142857,0.9799086757990868,0.9593635744401735,0.9799017418490398,0.9794642857142857,0.9974013372472277,0.9975147717196731
toxic: 1k,0.9769751693002258,0.9723214285714286,0.9817351598173516,0.9539966932163357,0.9771197846567968,0.9723214285714286,0.9972472276581865,0.9974655656496058
toxic: 1k,0.98058690744921,0.9776785714285714,0.9835616438356164,0.9611908402905524,0.980743394536498,0.9776785714285714,0.9973564905414221,0.9975966127481803
toxic: 1k,0.9796839729119639,0.9776785714285714,0.9817351598173516,0.9593746185965969,0.9798657718120806,0.9776785714285714,0.9974086757990868,0.9975249056060861
toxic: 1k,0.9796839729119639,0.9758928571428571,0.9835616438356164,0.9593981778854893,0.9798296727924697,0.9758928571428571,0.9967090671885193,0.9972353911530575
toxic: 1k,0.9778781038374718,0.9732142857142857,0.982648401826484,0.9558026789823674,0.978017048003589,0.9732142857142857,0.9973377364644488,0.9975101588096922
toxic: 1k,0.980135440180587,0.9758928571428571,0.9844748858447488,0.9603090174705066,0.9802690582959642,0.9758928571428571,0.9974445531637313,0.9976382365101214
toxic: 1k,0.9796839729119639,0.9767857142857143,0.982648401826484,0.9593848339104804,0.9798477384684282,0.9767857142857143,0.9973915525114155,0.9976076304500329
toxic: 1k,0.9760722347629797,0.9660714285714286,0.9863013698630136,0.9523549380641038,0.9760938204781235,0.9660714285714286,0.996985485975212,0.9972798977288492
toxic: 1k,0.9783295711060948,0.975,0.9817351598173516,0.9566821162911955,0.978494623655914,0.975,0.9976614481409001,0.9977485559982636
toxic: 1k,0.9792325056433409,0.975,0.9835616438356164,0.9585030287596552,0.9793721973094172,0.975,0.9974804305283758,0.997640244002302
toxic: 1k,0.9792325056433409,0.9732142857142857,0.9853881278538813,0.958542233011201,0.9793351302785265,0.9732142857142857,0.9973768754076974,0.9975042994904876
toxic: 1k,0.9765237020316027,0.9794642857142857,0.9735159817351599,0.95305254178675,0.9768477292965272,0.9794642857142857,0.9969602087410306,0.9968560649324946
toxic: 1k,0.9774266365688488,0.96875,0.9863013698630136,0.9550124350551187,0.9774774774774775,0.96875,0.9974388454011741,0.9975792568502636
toxic: 1k,0.9783295711060948,0.9741071428571428,0.982648401826484,0.9566970400488038,0.97847533632287,0.9741071428571428,0.9974690150032616,0.9975370495054173
toxic: 1k,0.9792325056433409,0.9767857142857143,0.9817351598173516,0.9584763275594227,0.9794091316025068,0.9767857142857143,0.997360567514677,0.9974459549515995
toxic: 1k,0.9787810383747179,0.9714285714285714,0.9863013698630136,0.9576768426125305,0.9788573999100315,0.9714285714285714,0.9974665688193085,0.9975520420534097
toxic: 1k,0.9774266365688488,0.9767857142857143,0.9780821917808219,0.9548499989040734,0.9776586237712244,0.9767857142857143,0.9973051206784083,0.9968191545133483
toxic: 1k,0.9769751693002258,0.975,0.9789954337899544,0.9539565420296581,0.9771812080536912,0.975,0.997425799086758,0.9975861426077707
toxic: 1k,0.9756207674943567,0.9678571428571429,0.9835616438356164,0.9513699162056912,0.9756975697569756,0.9678571428571429,0.9971069797782126,0.9973143778776083
toxic: 1k,0.9765237020316027,0.975,0.9780821917808219,0.95304955365634,0.9767441860465115,0.975,0.9974054142204828,0.9975507930916657
toxic: 1k,0.9774266365688488,0.9741071428571428,0.9808219178082191,0.9548761172733617,0.9775985663082437,0.9741071428571428,0.9972464122635356,0.9974378671986516
toxic: 1k,0.9774266365688488,0.9714285714285714,0.9835616438356164,0.9549302614791376,0.9775381850853548,0.9714285714285714,0.997058056099152,0.9972377009580482
toxic: 1k,0.9751693002257337,0.9678571428571429,0.982648401826484,0.9504528465411957,0.9752586594691857,0.9678571428571429,0.9970136170906719,0.997256619432331
toxic: 1k,0.9765237020316027,0.975,0.9780821917808219,0.95304955365634,0.9767441860465115,0.975,0.9972937051532942,0.9974107333972162
toxic: 1k,0.9774266365688488,0.9723214285714286,0.982648401826484,0.9549090993629197,0.9775583482944346,0.9723214285714286,0.9973409980430528,0.9974742984215397
toxic: 1k,0.9756207674943567,0.9705357142857143,0.9808219178082191,0.9512971307756651,0.9757630161579892,0.9705357142857143,0.9972488584474887,0.997444615629851
toxic: 1k,0.9765237020316027,0.9732142857142857,0.9799086757990868,0.953070118255528,0.9767025089605735,0.9732142857142857,0.997133072407045,0.997236311402723
toxic: 1k,0.9769751693002258,0.9696428571428571,0.9844748858447488,0.9540648445768631,0.9770580296896086,0.9696428571428571,0.9972643509458577,0.9974340451374593
toxic: 1k,0.9760722347629797,0.96875,0.9835616438356164,0.9522588455590294,0.9761583445793972,0.96875,0.996918623613829,0.9972375635583183
toxic: 1k,0.9778781038374718,0.96875,0.9872146118721461,0.955931875039718,0.9779179810725551,0.96875,0.9968754076973256,0.997194155075974
toxic: 1k,0.9751693002257337,0.9633928571428572,0.9872146118721461,0.9506283979527792,0.9751468594667873,0.9633928571428572,0.9971461187214612,0.9973377195620554
toxic: 1k,0.9792325056433409,0.9732142857142857,0.9853881278538813,0.958542233011201,0.9793351302785265,0.9732142857142857,0.9971175799086758,0.9973647054157871
toxic: 1k,0.9783295711060948,0.9723214285714286,0.9844748858447488,0.9567362472451693,0.9784366576819407,0.9723214285714286,0.996841161121983,0.9967381158636411
toxic: 1k,0.9792325056433409,0.9732142857142857,0.9853881278538813,0.958542233011201,0.9793351302785265,0.9732142857142857,0.9967302674494456,0.9968259317946045
toxic: 1k,0.9783295711060948,0.9758928571428571,0.9808219178082191,0.9566703123445459,0.9785138764547896,0.9758928571428571,0.9966348662752772,0.9966316114883378
toxic: 1k,0.9787810383747179,0.9821428571428571,0.9753424657534246,0.9575727764584039,0.9790832220738762,0.9821428571428571,0.9967804142204827,0.9968634207293657
toxic: 1k,0.9778781038374718,0.9758928571428571,0.9799086757990868,0.955762567551971,0.978076062639821,0.9758928571428571,0.9969528701891716,0.9971322373809147
toxic: 1k,0.9747178329571106,0.96875,0.9808219178082191,0.9495123041810426,0.9748427672955976,0.96875,0.9969455316373125,0.9971569428551379
toxic: 1k,0.9742663656884876,0.9723214285714286,0.9762557077625571,0.9485384654627192,0.974496644295302,0.9723214285714286,0.9971143183300718,0.9971671658547391
toxic: 1k,0.9778781038374718,0.9767857142857143,0.9789954337899544,0.9557554309320829,0.978095663835494,0.9767857142857143,0.9969895629484669,0.9969349711454173
toxic: 1k,0.9742663656884876,0.9651785714285714,0.9835616438356164,0.9487077258298937,0.9743127534925642,0.9651785714285714,0.9959254729288977,0.9964686006285228
toxic: 1k,0.9738148984198646,0.975,0.9726027397260274,0.9476236025105337,0.9741302408563781,0.975,0.9972349967384215,0.9974265018772166
toxic: 1k,0.9783295711060948,0.9705357142857143,0.9863013698630136,0.9567879353459072,0.9783978397839783,0.9705357142857143,0.9975823548597521,0.9977615852432465
toxic: 1k,0.9769751693002258,0.9705357142857143,0.9835616438356164,0.9540390160319301,0.9770786516853932,0.9705357142857143,0.9973752446183952,0.9976124887464368
toxic: 1k,0.9778781038374718,0.9714285714285714,0.9844748858447488,0.9558450047427814,0.9779775280898876,0.9714285714285714,0.9975122309197652,0.9977187273088025
toxic: 1k,0.9783295711060948,0.9732142857142857,0.9835616438356164,0.9567150836565469,0.9784560143626571,0.9732142857142857,0.997349967384214,0.9975372851782565
toxic: 1k,0.9796839729119639,0.9767857142857143,0.982648401826484,0.9593848339104804,0.9798477384684282,0.9767857142857143,0.9974902152641879,0.9976469548373115
toxic: 1k,0.9774266365688488,0.9723214285714286,0.982648401826484,0.9549090993629197,0.9775583482944346,0.9723214285714286,0.9976141552511415,0.9977575629174479
toxic: 2k,0.7792325056433409,0.572310405643739,0.996299722479186,0.623357027549834,0.7263570229434808,0.572310405643739,0.9814268257068133,0.9827282182017663
toxic: 2k,0.8564334085778781,0.7231040564373897,0.996299722479186,0.7439862653914715,0.8375893769152196,0.7231040564373897,0.9891039226531055,0.9898854269683715
toxic: 2k,0.8889390519187359,0.791005291005291,0.9916743755781684,0.7957369106099533,0.8794117647058823,0.791005291005291,0.9917787925805194,0.9923004046110431
toxic: 2k,0.909255079006772,0.8306878306878307,0.9916743755781684,0.8304600053396516,0.9035971223021582,0.8306878306878307,0.9931492657363765,0.9935211805677774
toxic: 2k,0.9205417607223476,0.8527336860670194,0.9916743755781684,0.8501805851682446,0.9165876777251185,0.8527336860670194,0.9938810005106644,0.9941791370657096
toxic: 2k,0.9291196388261851,0.8694885361552028,0.9916743755781684,0.8653927172508475,0.9262564584311883,0.8694885361552028,0.9944650831175654,0.9947610544789103
toxic: 2k,0.9435665914221218,0.8977072310405644,0.9916743755781684,0.8914850727909231,0.9421564090698751,0.8977072310405644,0.9949684056992105,0.9952579438184346
toxic: 2k,0.9476297968397291,0.9047619047619048,0.9925994449583718,0.8990865817311582,0.9464944649446495,0.9047619047619048,0.9952359742677349,0.9955753476629386
toxic: 2k,0.9602708803611738,0.9320987654320988,0.9898242368177613,0.922245807988209,0.9600363306085377,0.9320987654320988,0.9954978325314434,0.9958009776185066
toxic: 2k,0.9602708803611738,0.9312169312169312,0.9907493061979649,0.9223500485514332,0.96,0.9312169312169312,0.9957866108035703,0.996093178613918
toxic: 2k,0.9620767494356659,0.935626102292769,0.9898242368177613,0.9256610402432764,0.9619220308250227,0.935626102292769,0.9957645853421371,0.9960206345910649
toxic: 2k,0.9607223476297968,0.9303350970017636,0.9925994449583718,0.923416015859278,0.9604005461993628,0.9303350970017636,0.9959579199480526,0.9962384824904946
toxic: 2k,0.9557562076749435,0.9197530864197531,0.9935245143385754,0.9142491562782845,0.9551282051282051,0.9197530864197531,0.9961300448503655,0.9964058326856893
toxic: 2k,0.9607223476297968,0.9294532627865961,0.9935245143385754,0.923527904813251,0.9603644646924829,0.9294532627865961,0.9961659381949237,0.9964207280479032
toxic: 2k,0.9661399548532731,0.9417989417989417,0.9916743755781684,0.9335601391396794,0.966078697421981,0.9417989417989417,0.9962352776105474,0.9964820597599766
toxic: 2k,0.963431151241535,0.935626102292769,0.9925994449583718,0.928520999084653,0.9632319564230596,0.935626102292769,0.9963674303791479,0.996606245956797
toxic: 2k,0.9711060948081264,0.95326278659612,0.9898242368177613,0.9429093582568847,0.9712488769092544,0.95326278659612,0.9965093722417189,0.9968466655477476
toxic: 2k,0.9702031602708804,0.9497354497354498,0.9916743755781684,0.9413176833507458,0.9702702702702702,0.9497354497354498,0.9965346607344756,0.996873016063807
toxic: 2k,0.9693002257336343,0.9488536155202821,0.9907493061979649,0.9395109566088975,0.9693693693693693,0.9488536155202821,0.9965762643838499,0.9968622838734876
toxic: 2k,0.9702031602708804,0.9506172839506173,0.9907493061979649,0.9412429782262911,0.9702970297029703,0.9506172839506173,0.99655750195374,0.9969092555807773
toxic: 2k,0.9693002257336343,0.9497354497354498,0.9898242368177613,0.9394363118974952,0.9693969396939695,0.9497354497354498,0.9966447880416427,0.9969179706649853
toxic: 2k,0.9733634311512416,0.9576719576719577,0.9898242368177613,0.9472674907997068,0.9735544598834603,0.9576719576719577,0.9967965189981841,0.9971533880630893
toxic: 2k,0.9787810383747179,0.9700176366843033,0.9879740980573543,0.9577292622589775,0.9790832220738763,0.9700176366843033,0.9967753092945816,0.9971355367238289
toxic: 2k,0.9760722347629797,0.9629629629629629,0.9898242368177613,0.9525222702459273,0.9763075547608404,0.9629629629629629,0.9965656595320488,0.9968903504667942
toxic: 2k,0.9774266365688488,0.9647266313932981,0.9907493061979649,0.9552071453003528,0.9776586237712244,0.9647266313932981,0.9967092329102814,0.996940571335582
toxic: 2k,0.9702031602708804,0.9506172839506173,0.9907493061979649,0.9412429782262911,0.9702970297029703,0.9506172839506173,0.9965248716405053,0.9967352155763182
toxic: 2k,0.9747178329571106,0.9603174603174603,0.9898242368177613,0.9498914434136774,0.9749328558639213,0.9603174603174603,0.9968046765764927,0.9970760178900391
toxic: 2k,0.9769751693002258,0.9647266313932981,0.9898242368177613,0.9542800020910233,0.9772219740955784,0.9647266313932981,0.9968422014367126,0.9971247974090531
toxic: 2k,0.9778781038374718,0.9673721340388007,0.9888991674375578,0.9559983883211814,0.9781542576905929,0.9673721340388007,0.9965721855946955,0.9967131455563166
toxic: 2k,0.9711060948081264,0.95326278659612,0.9898242368177613,0.9429093582568847,0.9712488769092544,0.95326278659612,0.9965566861959092,0.9966861382027982
toxic: 2k,0.9765237020316027,0.9647266313932981,0.9888991674375578,0.9533536406836696,0.9767857142857144,0.9647266313932981,0.9967957032403532,0.9970282402897045
toxic: 2k,0.9760722347629797,0.9647266313932981,0.9879740980573543,0.9524280588048892,0.9763498438197233,0.9647266313932981,0.9967981505138459,0.9970009697385956
toxic: 2k,0.98058690744921,0.9735449735449735,0.9879740980573543,0.9612791452209791,0.9808973789426921,0.9735449735449735,0.9969245929776303,0.997102153585612
toxic: 2k,0.9756207674943567,0.9611992945326279,0.9907493061979649,0.9516978710965077,0.9758281110116384,0.9611992945326279,0.99687727902344,0.9969959808805497
toxic: 2k,0.981038374717833,0.9744268077601411,0.9879740980573543,0.9621686044745332,0.9813499111900532,0.9744268077601411,0.9970502196835839,0.9972463413414241
toxic: 2k,0.9787810383747179,0.9708994708994709,0.9870490286771508,0.9576961896550704,0.979101823032459,0.9708994708994709,0.9965256873983361,0.996386787877278
toxic: 2k,0.9769751693002258,0.9664902998236331,0.9879740980573543,0.9541920004034853,0.9772625947391885,0.9664902998236331,0.9969955639089159,0.9971151615748766
toxic: 2k,0.980135440180587,0.9735449735449735,0.9870490286771508,0.9603621370239427,0.9804618117229129,0.9735449735449735,0.9965909480248055,0.9965647502841828
toxic: 2k,0.9751693002257337,0.9638447971781305,0.9870490286771508,0.9506216723599253,0.9754573850959394,0.9638447971781305,0.9965256873983361,0.9965728846905058
toxic: 2k,0.9787810383747179,0.972663139329806,0.9851988899167438,0.9576394125944825,0.9791389258766089,0.972663139329806,0.9965077407260571,0.9965730806860639
toxic: 2k,0.9769751693002258,0.9656084656084656,0.9888991674375578,0.9542344452498531,0.9772423025435074,0.9656084656084656,0.9968120183969706,0.9970405436760647
toxic: 2k,0.9742663656884876,0.9611992945326279,0.9879740980573543,0.9489094679010291,0.9745194456861869,0.9611992945326279,0.9963331685502516,0.9961235053129589
toxic: 2k,0.9765237020316027,0.9673721340388007,0.9861239592969473,0.9532309666878498,0.9768477292965271,0.9673721340388007,0.9964514534357273,0.996155546132344
toxic: 2k,0.9769751693002258,0.9673721340388007,0.9870490286771508,0.9541526671518809,0.9772828507795099,0.9673721340388007,0.9963919031140739,0.9961272403696824
toxic: 2k,0.9760722347629797,0.9664902998236331,0.9861239592969473,0.952346271870469,0.9763919821826279,0.9664902998236331,0.9965950268139598,0.9966967975507066
toxic: 2k,0.9765237020316027,0.9673721340388007,0.9861239592969473,0.9532309666878498,0.9768477292965271,0.9673721340388007,0.9963992449345518,0.9960591603182273
toxic: 2k,0.9747178329571106,0.9638447971781305,0.9861239592969473,0.9496968677420522,0.9750223015165032,0.9638447971781305,0.9965371080079684,0.9962594859418433
toxic: 2k,0.9792325056433409,0.972663139329806,0.9861239592969473,0.9585556695733521,0.9795737122557726,0.972663139329806,0.9968536220463449,0.9968290379901673
toxic: 2k,0.981038374717833,0.9761904761904762,0.9861239592969473,0.9621213797760954,0.9813829787234042,0.9761904761904762,0.996789992935537,0.9964369282654996
toxic: 2k,0.9774266365688488,0.9682539682539683,0.9870490286771508,0.9550373678602989,0.9777382012466608,0.9682539682539683,0.9965933952982982,0.9963581410743783
toxic: 2k,0.9787810383747179,0.9708994708994709,0.9870490286771508,0.9576961896550704,0.979101823032459,0.9708994708994709,0.9965982898452834,0.9961466615146635
toxic: 2k,0.9774266365688488,0.9682539682539683,0.9870490286771508,0.9550373678602989,0.9777382012466608,0.9682539682539683,0.9969221457041377,0.9969370958565426
toxic: 2k,0.9765237020316027,0.9673721340388007,0.9861239592969473,0.9532309666878498,0.9768477292965271,0.9673721340388007,0.996495504358594,0.9962644942352356
toxic: 2k,0.98058690744921,0.9753086419753086,0.9861239592969473,0.9612287491195518,0.980931263858093,0.9753086419753086,0.9966529456199514,0.9965179922609619
toxic: 2k,0.9774266365688488,0.9682539682539683,0.9870490286771508,0.9550373678602989,0.9777382012466608,0.9682539682539683,0.9964498219200656,0.9960675536716389
toxic: 2k,0.9760722347629797,0.9647266313932981,0.9879740980573543,0.9524280588048892,0.9763498438197233,0.9647266313932981,0.996243435188856,0.9959475313190645
toxic: 2k,0.9796839729119639,0.9735449735449735,0.9861239592969473,0.9594458962475062,0.9800266311584553,0.9735449735449735,0.9966219468223785,0.9964623823153081
toxic: 2k,0.9783295711060948,0.9700176366843033,0.9870490286771508,0.956809126923956,0.9786476868327402,0.9700176366843033,0.9969180669149833,0.997135840600247
toxic: 2k,0.98058690744921,0.9753086419753086,0.9861239592969473,0.9612287491195518,0.980931263858093,0.9753086419753086,0.9969196984306451,0.996894287287702
toxic: 2k,0.9841986455981941,0.9832451499118166,0.9851988899167438,0.968384794079957,0.9845474613686533,0.9832451499118166,0.9969914851197614,0.9967537716459665
toxic: 2k,0.981038374717833,0.9761904761904762,0.9861239592969473,0.9621213797760954,0.9813829787234042,0.9761904761904762,0.9966415250103193,0.9963876477516693
toxic: 2k,0.9783295711060948,0.9708994708994709,0.9861239592969473,0.9567776046471169,0.9786666666666667,0.9708994708994709,0.9968042686975773,0.9967721616824703
toxic: 2k,0.981489841986456,0.9753086419753086,0.9879740980573543,0.9630588635535536,0.9818020417221482,0.9753086419753086,0.9964726631393299,0.9960105209182242
toxic: 2k,0.9783295711060948,0.9682539682539683,0.9888991674375578,0.95688153114453,0.9786096256684492,0.9682539682539683,0.9964490061622346,0.9959694428641475
toxic: 2k,0.9796839729119639,0.9735449735449735,0.9861239592969473,0.9594458962475062,0.9800266311584553,0.9735449735449735,0.9964122970598456,0.9953489865512741
toxic: 2k,0.9783295711060948,0.9708994708994709,0.9861239592969473,0.9567776046471169,0.9786666666666667,0.9708994708994709,0.996507740726057,0.9958559517830644
toxic: 2k,0.9787810383747179,0.9700176366843033,0.9879740980573543,0.9577292622589775,0.9790832220738763,0.9700176366843033,0.9969466184390636,0.9971688247200092
toxic: 2k,0.981038374717833,0.9753086419753086,0.9870490286771508,0.9621434233497029,0.9813664596273292,0.9753086419753086,0.9965554625591628,0.9963106960864291
toxic: 2k,0.9783295711060948,0.9700176366843033,0.9870490286771508,0.956809126923956,0.9786476868327402,0.9700176366843033,0.9962956436900317,0.9951439425075425
toxic: 2k,0.9787810383747179,0.9700176366843033,0.9879740980573543,0.9577292622589775,0.9790832220738763,0.9700176366843033,0.996495504358594,0.9961211356007871
toxic: 2k,0.981489841986456,0.9761904761904762,0.9870490286771508,0.9630352695979085,0.9818181818181818,0.9761904761904762,0.9964636898031902,0.9955945492910427
toxic: 2k,0.9787810383747179,0.9700176366843033,0.9879740980573543,0.9577292622589775,0.9790832220738763,0.9700176366843033,0.9960590739190801,0.9952132967665438
toxic: 2k,0.9760722347629797,0.9647266313932981,0.9879740980573543,0.9524280588048892,0.9763498438197233,0.9647266313932981,0.9963874164460041,0.9957065648411236
toxic: 2k,0.9787810383747179,0.9735449735449735,0.9842738205365402,0.9576157081628383,0.9791574279379157,0.9735449735449735,0.9970424699841907,0.9968042984928726
toxic: 2k,0.9796839729119639,0.9735449735449735,0.9861239592969473,0.9594458962475062,0.9800266311584553,0.9735449735449735,0.9968715687186238,0.9965295975516862
toxic: 2k,0.980135440180587,0.9779541446208113,0.9824236817761333,0.9602673810137494,0.9805481874447393,0.9779541446208113,0.9964783734441459,0.9957090220322904
toxic: 2k,0.9787810383747179,0.9708994708994709,0.9870490286771508,0.9576961896550704,0.979101823032459,0.9708994708994709,0.9964922413272707,0.99627146498596
toxic: 2k,0.9796839729119639,0.9735449735449735,0.9861239592969473,0.9594458962475062,0.9800266311584553,0.9735449735449735,0.9964506376778964,0.9958842408715789
toxic: 2k,0.9787810383747179,0.9717813051146384,0.9861239592969473,0.9576662397780107,0.9791203909373613,0.9717813051146384,0.9964539007092199,0.9962766809392847
toxic: 2k,0.9774266365688488,0.9691358024691358,0.9861239592969473,0.9550027095508571,0.9777580071174378,0.9691358024691358,0.9963372473394058,0.9961990842064136
toxic: 2k,0.9787810383747179,0.9717813051146384,0.9861239592969473,0.9576662397780107,0.9791203909373613,0.9717813051146384,0.996612973486239,0.9967345900717077
toxic: 2k,0.9792325056433409,0.9717813051146384,0.9870490286771508,0.9585840441127135,0.9795555555555555,0.9717813051146384,0.9965240558826745,0.9964117199538692
toxic: 2k,0.9778781038374718,0.9691358024691358,0.9870490286771508,0.9559228537226507,0.9781931464174456,0.9691358024691358,0.9969351978294315,0.9971792388919549
toxic: 2k,0.9787810383747179,0.9717813051146384,0.9861239592969473,0.9576662397780107,0.9791203909373613,0.9717813051146384,0.9965738171103573,0.9963546490361984
toxic: 2k,0.981489841986456,0.9779541446208113,0.9851988899167438,0.9629975036917768,0.981850376272687,0.9779541446208113,0.9964351382791099,0.9958428647073521
toxic: 2k,0.9778781038374718,0.9700176366843033,0.9861239592969473,0.9558897619722402,0.9782125389061805,0.9700176366843033,0.9966953650271565,0.9967649448499458
toxic: 2k,0.9792325056433409,0.9744268077601411,0.9842738205365402,0.9585082975730412,0.9796099290780141,0.9744268077601411,0.9967218771566597,0.9964073105724165
toxic: 2k,0.9769751693002258,0.9682539682539683,0.9861239592969473,0.954116445186324,0.9773030707610146,0.9682539682539683,0.9961414654599976,0.9967759184889092
toxic: 2k,0.9769751693002258,0.9664902998236331,0.9879740980573543,0.9541920004034853,0.9772625947391885,0.9664902998236331,0.9959012247788073,0.9955482649179602
toxic: 2k,0.9765237020316027,0.9664902998236331,0.9870490286771508,0.9532687494181867,0.9768270944741534,0.9664902998236331,0.9960227726956064,0.9954366109270589
toxic: 2k,0.9783295711060948,0.9717813051146384,0.9851988899167438,0.9567492021227615,0.9786856127886323,0.9717813051146384,0.996071310286543,0.9959572469700746
toxic: 2k,0.9751693002257337,0.9682539682539683,0.9824236817761333,0.9504404288920738,0.9755664149266993,0.9682539682539683,0.9963201164249575,0.9964294393825891
toxic: 2k,0.9778781038374718,0.9708994708994709,0.9851988899167438,0.9558597870565265,0.9782318969346957,0.9708994708994709,0.9962801442912451,0.9963371840851243
toxic: 2k,0.981038374717833,0.9753086419753086,0.9870490286771508,0.9621434233497029,0.9813664596273292,0.9753086419753086,0.99620020002382,0.9962059872316719
toxic: 2k,0.980135440180587,0.9753086419753086,0.9851988899167438,0.9603148386745682,0.9804964539007093,0.9753086419753086,0.9962723945918519,0.996269879503039
toxic: 2k,0.980135440180587,0.9753086419753086,0.9851988899167438,0.9603148386745682,0.9804964539007093,0.9753086419753086,0.9960011551130885,0.995532051917008
toxic: 2k,0.981489841986456,0.9788359788359788,0.9842738205365402,0.9629833323245872,0.9818664307828394,0.9788359788359788,0.9964102576652684,0.9962250856513771
toxic: 2k,0.98058690744921,0.9744268077601411,0.9870490286771508,0.9612523799005299,0.9809143364403018,0.9744268077601411,0.9962650527713741,0.9961622885730395
toxic: 2k,0.9787810383747179,0.9717813051146384,0.9861239592969473,0.9576662397780107,0.9791203909373613,0.9717813051146384,0.9965974740874526,0.9967493579205817
toxic: 2k,0.9796839729119639,0.9753086419753086,0.9842738205365402,0.9594016898316818,0.9800620292423571,0.9753086419753086,0.9963401024918138,0.9958782458894292
toxic: 3k,0.8504968383017163,0.7043399638336347,0.9963898916967509,0.7328200908517714,0.8247750132345156,0.7043399638336347,0.9792312688910506,0.981670737628182
toxic: 3k,0.8821138211382114,0.7649186256781193,0.9990974729241877,0.7860026150193189,0.8663594470046083,0.7649186256781193,0.9890644074656779,0.9902562024501597
toxic: 3k,0.8888888888888888,0.779385171790235,0.9981949458483754,0.7970192953845724,0.8751269035532995,0.779385171790235,0.9925219185146983,0.9933060362836521
toxic: 3k,0.9218608852755195,0.8453887884267631,0.9981949458483754,0.8537100554823289,0.9153206069505629,0.8453887884267631,0.9941817196649715,0.994768641565755
toxic: 3k,0.9182475158084914,0.8381555153707052,0.9981949458483754,0.8473763202930494,0.911056511056511,0.8381555153707052,0.9954604356937217,0.9959082994774481
toxic: 3k,0.9367660343270099,0.8752260397830018,0.9981949458483754,0.8801871194208766,0.9325626204238922,0.8752260397830018,0.9959761654513289,0.9964007886583229
toxic: 3k,0.948509485094851,0.8996383363471971,0.9972924187725631,0.9013102322615106,0.9458174904942966,0.8996383363471971,0.9961744602790163,0.9966488345167865
toxic: 3k,0.9543812104787714,0.9113924050632911,0.9972924187725631,0.912120731913744,0.9522909777987718,0.9113924050632911,0.9967056945704754,0.9970719994749135
toxic: 3k,0.96386630532972,0.9312839059674503,0.9963898916967509,0.9296970666364451,0.9626168224299065,0.9312839059674503,0.9967840332678334,0.9972063680095343
toxic: 3k,0.9570912375790425,0.9168173598553345,0.9972924187725631,0.9171455154050784,0.9552520018841262,0.9168173598553345,0.9971618542769665,0.9974675822741131
toxic: 3k,0.9643179765130985,0.9312839059674503,0.9972924187725631,0.930657626618065,0.9630668536699393,0.9312839059674503,0.9973283240088523,0.9976012213191845
toxic: 3k,0.966576332429991,0.9358047016274864,0.9972924187725631,0.9349146285726434,0.9654850746268656,0.9358047016274864,0.9975698683257062,0.9977810995694346
toxic: 3k,0.9629629629629629,0.9285714285714286,0.9972924187725631,0.9281113985204034,0.9616104868913857,0.9285714285714286,0.9976131178148726,0.9978680467612348
toxic: 3k,0.971093044263776,0.945750452079566,0.9963898916967509,0.9433913834981673,0.9703153988868274,0.945750452079566,0.9977918279682206,0.9979962451873633
toxic: 3k,0.9625112917795845,0.9276672694394213,0.9972924187725631,0.9272639736467186,0.9611241217798595,0.9276672694394213,0.9977502105352491,0.9979668631689517
toxic: 3k,0.9625112917795845,0.9267631103074141,0.9981949458483754,0.9273825114932608,0.9610876699484294,0.9267631103074141,0.9976841122593533,0.9979929790751806
toxic: 3k,0.971093044263776,0.945750452079566,0.9963898916967509,0.9433913834981673,0.9703153988868274,0.945750452079566,0.997755106703834,0.9980056531132991
toxic: 3k,0.971996386630533,0.9484629294755877,0.9954873646209387,0.9450336433554184,0.9712962962962964,0.9484629294755877,0.9978081485301702,0.9980813174513754
toxic: 3k,0.9751580849141824,0.9556962025316456,0.9945848375451264,0.9510321834518075,0.9746426924850161,0.9556962025316456,0.9978881192837231,0.998098561790406
toxic: 3k,0.9706413730803974,0.9448462929475587,0.9963898916967509,0.9425303673794541,0.9698375870069604,0.9448462929475587,0.9978114126425601,0.998148959573244
toxic: 3k,0.971093044263776,0.9466546112115732,0.9954873646209387,0.9433065789255061,0.9703429101019463,0.9466546112115732,0.9976800321188659,0.9980369070273918
toxic: 3k,0.971996386630533,0.9484629294755877,0.9954873646209387,0.9450336433554184,0.9712962962962964,0.9484629294755877,0.9979656419529837,0.9981904478093221
toxic: 3k,0.9742547425474255,0.9529837251356239,0.9954873646209387,0.9493635847980211,0.9736720554272518,0.9529837251356239,0.9979158642390376,0.9981514440167676
toxic: 3k,0.9733514001806685,0.9511754068716094,0.9954873646209387,0.9476294933114829,0.9727230698104483,0.9511754068716094,0.9978252851202172,0.9980483591191224
toxic: 3k,0.9728997289972899,0.9502712477396021,0.9954873646209387,0.9467635069683751,0.9722479185938945,0.9502712477396021,0.9976628955288188,0.9980350027133651
toxic: 3k,0.973803071364047,0.953887884267631,0.9936823104693141,0.948353688238131,0.9732472324723247,0.953887884267631,0.9975249867803448,0.9979968097387744
toxic: 3k,0.9733514001806685,0.9529837251356239,0.9936823104693141,0.9474840197599541,0.972773419473927,0.9529837251356239,0.9975812927190709,0.9980268727808783
toxic: 3k,0.9769647696476965,0.961121157323689,0.9927797833935018,0.9544053609948979,0.9765732659623334,0.961121157323689,0.997775507406271,0.9980818657811305
toxic: 3k,0.9751580849141824,0.9584086799276673,0.9918772563176895,0.9508459252539566,0.9747126436781609,0.9584086799276673,0.9978016203053903,0.9981301911913779
toxic: 3k,0.9769647696476965,0.9602169981916817,0.9936823104693141,0.9544614269748495,0.9765517241379311,0.9602169981916817,0.9979378969976694,0.9981611637461152
toxic: 3k,0.9728997289972899,0.9502712477396021,0.9954873646209387,0.9467635069683751,0.9722479185938945,0.9502712477396021,0.9978228370359249,0.9981590100899856
toxic: 3k,0.978319783197832,0.9656419529837251,0.9909747292418772,0.9569447138338443,0.9780219780219779,0.9656419529837251,0.9977771394624659,0.9980858035305445
toxic: 3k,0.9774164408310749,0.9602169981916817,0.9945848375451264,0.9553945374630436,0.9770009199632016,0.9602169981916817,0.9978832231151383,0.9981772151647198
toxic: 3k,0.980126467931346,0.972875226039783,0.9873646209386282,0.9603527027791431,0.9799635701275047,0.972875226039783,0.9977387861418844,0.9979551481781188
toxic: 3k,0.979223125564589,0.9656419529837251,0.9927797833935018,0.9587973646400932,0.9789184234647113,0.9656419529837251,0.9979289206885972,0.9981863862232424
toxic: 3k,0.978319783197832,0.9647377938517179,0.9918772563176895,0.9569899703489988,0.9780018331805682,0.9647377938517179,0.9977387861418844,0.998040215383816
toxic: 3k,0.9774164408310749,0.9620253164556962,0.9927797833935018,0.9552822957999615,0.9770431588613406,0.9620253164556962,0.9977428662823719,0.9981054205080779
toxic: 3k,0.9774164408310749,0.9620253164556962,0.9927797833935018,0.9552822957999615,0.9770431588613406,0.9620253164556962,0.997833445401192,0.9981137365878242
toxic: 3k,0.9805781391147245,0.9710669077757685,0.990072202166065,0.9613285783911283,0.98037425832953,0.9710669077757685,0.9979109680704525,0.9981717944962617
toxic: 3k,0.973803071364047,0.9547920433996383,0.9927797833935018,0.9482871144931398,0.9732718894009217,0.9547920433996383,0.997538859258002,0.997999974440185
toxic: 3k,0.978319783197832,0.9629294755877035,0.9936823104693141,0.9570898849599571,0.9779614325068872,0.9629294755877035,0.997993386908298,0.9982379871630362
toxic: 3k,0.9832881662149955,0.9755877034358047,0.9909747292418772,0.9666898397140556,0.9831435079726651,0.9755877034358047,0.9974360397177195,0.9979627866673181
toxic: 3k,0.9823848238482384,0.9746835443037974,0.990072202166065,0.9648829153586239,0.9822323462414578,0.9746835443037974,0.9977069610460827,0.9981687367920571
toxic: 3k,0.982836495031617,0.9755877034358047,0.990072202166065,0.9657733984153832,0.982695810564663,0.9755877034358047,0.9978040683896827,0.9980813306080177
toxic: 3k,0.982836495031617,0.9746835443037974,0.9909747292418772,0.9658001455758418,0.9826800364630812,0.9746835443037974,0.9975119303307851,0.9980116645089704
toxic: 3k,0.979223125564589,0.9656419529837251,0.9927797833935018,0.9587973646400932,0.9789184234647113,0.9656419529837251,0.9976775840345734,0.9980330577081351
toxic: 3k,0.9787714543812105,0.9665461121157324,0.9909747292418772,0.9578268919996638,0.9784897025171624,0.9665461121157324,0.9976784000626711,0.9980573325380715
toxic: 3k,0.979223125564589,0.969258589511754,0.9891696750902527,0.9586348069077965,0.9789954337899545,0.969258589511754,0.9975306989770272,0.9979093030429597
toxic: 3k,0.9796747967479674,0.9683544303797469,0.9909747292418772,0.9595934771677573,0.9794238683127572,0.9683544303797469,0.9974768411225935,0.9979471399519506
toxic: 3k,0.980126467931346,0.9701627486437613,0.990072202166065,0.9604418824584067,0.9799086757990868,0.9701627486437613,0.997496425796933,0.9979967275543865
toxic: 3k,0.982836495031617,0.9755877034358047,0.990072202166065,0.9657733984153832,0.982695810564663,0.9755877034358047,0.9975453874827819,0.9979106081744492
toxic: 3k,0.9796747967479674,0.9710669077757685,0.9882671480144405,0.9594902712255989,0.9794801641586867,0.9710669077757685,0.9977134892708626,0.9979882215832732
toxic: 3k,0.978319783197832,0.9683544303797469,0.9882671480144405,0.9568277313571864,0.978082191780822,0.9683544303797469,0.9974735770102036,0.9979159480439076
toxic: 3k,0.98193315266486,0.9746835443037974,0.9891696750902527,0.9639664998699699,0.9817850637522768,0.9746835443037974,0.9974743930383011,0.9979500594790658
toxic: 3k,0.9814814814814815,0.972875226039783,0.990072202166065,0.9631042320333019,0.9813041495668036,0.972875226039783,0.9973111874188052,0.9977288039864215
toxic: 3k,0.9796747967479674,0.9710669077757685,0.9882671480144405,0.9594902712255989,0.9794801641586867,0.9710669077757685,0.9974417519144019,0.9978093151606925
toxic: 3k,0.9796747967479674,0.9719710669077758,0.9873646209386282,0.9594621422923287,0.9794988610478359,0.9719710669077758,0.9975086662183952,0.9978854168326946
toxic: 3k,0.9796747967479674,0.9701627486437613,0.9891696750902527,0.9595215360329549,0.9794614331355546,0.9701627486437613,0.9973356682617296,0.9978379400719286
toxic: 3k,0.9814814814814815,0.9746835443037974,0.9882671480144405,0.9630508967966894,0.9813381884387801,0.9746835443037974,0.9973079233064153,0.9978382628539476
toxic: 3k,0.9805781391147245,0.976491862567812,0.9846570397111913,0.9611877286947661,0.9804811620517475,0.976491862567812,0.9975021379936154,0.9978766757173634
toxic: 3k,0.9805781391147245,0.9755877034358047,0.9855595667870036,0.9612033542385234,0.9804634257155839,0.9755877034358047,0.99751356238698,0.9979217415226309
toxic: 3k,0.9787714543812105,0.9719710669077758,0.9855595667870036,0.9576302741628908,0.978607191624943,0.9719710669077758,0.9975200906117598,0.9979543704399169
toxic: 3k,0.979223125564589,0.9701627486437613,0.9882671480144405,0.9586020062663901,0.979014598540146,0.9701627486437613,0.9973046591940253,0.9977125372596078
toxic: 3k,0.9778681120144534,0.9656419529837251,0.990072202166065,0.9560196283240231,0.9775743707093821,0.9656419529837251,0.9972858905477834,0.9978529839894639
toxic: 3k,0.979223125564589,0.969258589511754,0.9891696750902527,0.9586348069077965,0.9789954337899545,0.969258589511754,0.997593533140533,0.9979733543778653
toxic: 3k,0.979223125564589,0.969258589511754,0.9891696750902527,0.9586348069077965,0.9789954337899545,0.969258589511754,0.9974091107905028,0.9979501209368811
toxic: 3k,0.978319783197832,0.9710669077757685,0.9855595667870036,0.9567389056883163,0.9781420765027322,0.9710669077757685,0.9977836676872458,0.9980346584226798
toxic: 3k,0.981029810298103,0.9755877034358047,0.9864620938628159,0.9621157490917557,0.980909090909091,0.9755877034358047,0.997496425796933,0.9980028553439414
toxic: 3k,0.9778681120144534,0.9665461121157324,0.9891696750902527,0.9559791091837875,0.9775948788294467,0.9665461121157324,0.9974890815440557,0.9979644792111444
toxic: 3k,0.979223125564589,0.9701627486437613,0.9882671480144405,0.9586020062663901,0.979014598540146,0.9701627486437613,0.9970851476358034,0.9977468381104024
toxic: 3k,0.9778681120144534,0.9665461121157324,0.9891696750902527,0.9559791091837875,0.9775948788294467,0.9665461121157324,0.9973609651327514,0.9977889730446398
toxic: 3k,0.979223125564589,0.9701627486437613,0.9882671480144405,0.9586020062663901,0.979014598540146,0.9701627486437613,0.9973299560650473,0.9978772659051749
toxic: 3k,0.979223125564589,0.9737793851717902,0.9846570397111913,0.95850212896712,0.9790909090909091,0.9737793851717902,0.9976359666016019,0.9977431120964209
toxic: 3k,0.9787714543812105,0.9701627486437613,0.9873646209386282,0.9576832908217474,0.9785681714546284,0.9701627486437613,0.9968436033189496,0.9975378543249858
toxic: 3k,0.9774164408310749,0.9665461121157324,0.9882671480144405,0.9550564491961097,0.9771480804387568,0.9665461121157324,0.9971675664736488,0.9977787049149421
toxic: 3k,0.9778681120144534,0.9737793851717902,0.9819494584837545,0.955767451123495,0.9777576032682705,0.9737793851717902,0.9971765427827212,0.997606252539817
toxic: 3k,0.9805781391147245,0.9710669077757685,0.990072202166065,0.9613285783911283,0.98037425832953,0.9710669077757685,0.9973593330765566,0.9979230903556157
toxic: 3k,0.980126467931346,0.9737793851717902,0.9864620938628159,0.9603292524789426,0.9799818016378525,0.9737793851717902,0.9973111874188052,0.9978928019105833
toxic: 3k,0.9787714543812105,0.969258589511754,0.9882671480144405,0.9577144936747815,0.9785486079415792,0.969258589511754,0.9975029540217129,0.9979688214432771
toxic: 3k,0.979223125564589,0.969258589511754,0.9891696750902527,0.9586348069077965,0.9789954337899545,0.969258589511754,0.9971553260521867,0.9977556644920537
toxic: 3k,0.9805781391147245,0.976491862567812,0.9846570397111913,0.9611877286947661,0.9804811620517475,0.976491862567812,0.9974254313524523,0.9978956294453765
toxic: 3k,0.9805781391147245,0.9746835443037974,0.9864620938628159,0.9612221186742677,0.9804456571168714,0.9746835443037974,0.9973079233064153,0.9978287677726304
toxic: 3k,0.980126467931346,0.9737793851717902,0.9864620938628159,0.9603292524789426,0.9799818016378525,0.9737793851717902,0.9975445714546843,0.997929488125423
toxic: 3k,0.98193315266486,0.976491862567812,0.9873646209386282,0.9639225591540735,0.9818181818181818,0.976491862567812,0.997396054340943,0.9978953218287108
toxic: 3k,0.980126467931346,0.9719710669077758,0.9882671480144405,0.9603792906513091,0.9799453053783044,0.9719710669077758,0.9973895261161633,0.99788789058946
toxic: 3k,0.9814814814814815,0.9746835443037974,0.9882671480144405,0.9630508967966894,0.9813381884387801,0.9746835443037974,0.9972671219015414,0.9978114492042459
toxic: 3k,0.980126467931346,0.9755877034358047,0.9846570397111913,0.960291761801645,0.9800181653042689,0.9755877034358047,0.9971573661224302,0.9969109645511204
toxic: 3k,0.9796747967479674,0.976491862567812,0.9828519855595668,0.9593685089015958,0.9795918367346939,0.976491862567812,0.997140637546432,0.9977601745701403
toxic: 3k,0.9769647696476965,0.9665461121157324,0.9873646209386282,0.9541346070050873,0.9767016902695295,0.9665461121157324,0.9967122227952553,0.9974952338182638
toxic: 3k,0.9742547425474255,0.9584086799276673,0.990072202166065,0.9489824362588701,0.9738171796049608,0.9584086799276673,0.9972858905477833,0.9974918034585518
toxic: 3k,0.9760614272809395,0.961121157323689,0.9909747292418772,0.9525448850951088,0.9756769160165213,0.961121157323689,0.9967391517224721,0.997489813459963
toxic: 3k,0.9778681120144534,0.9674502712477396,0.9882671480144405,0.9559417172253066,0.977615349474646,0.9674502712477396,0.9973495407393868,0.9977918978777907
toxic: 3k,0.980126467931346,0.9719710669077758,0.9882671480144405,0.9603792906513091,0.9799453053783044,0.9719710669077758,0.9973299560650473,0.9978262838772626
toxic: 3k,0.9774164408310749,0.9638336347197106,0.9909747292418772,0.9551825760579045,0.9770852428964253,0.9638336347197106,0.9972834424634909,0.9978589577553346
toxic: 3k,0.9805781391147245,0.9792043399638336,0.9819494584837545,0.961159680965383,0.9805341783612493,0.9792043399638336,0.997234480777642,0.9977253418728576
toxic: 3k,0.981029810298103,0.9719710669077758,0.990072202166065,0.96221602755172,0.9808394160583941,0.9719710669077758,0.9974254313524522,0.9978731230528735
toxic: 3k,0.9796747967479674,0.969258589511754,0.990072202166065,0.9595559376657451,0.979442667884879,0.969258589511754,0.9973479086831917,0.997895703701239
toxic: 3k,0.982836495031617,0.9819168173598554,0.983754512635379,0.9656744820704204,0.9828054298642535,0.9819168173598554,0.9973258759245598,0.997863783451844
toxic: 3k,0.9778681120144534,0.9647377938517179,0.9909747292418772,0.956063275870256,0.977553825011452,0.9647377938517179,0.9970190493599076,0.9977239077568123
toxic: 3k,0.9841915085817525,0.9810126582278481,0.9873646209386282,0.9684021721529534,0.9841269841269842,0.9810126582278481,0.9973022111097328,0.9977451322077456
toxic: 4k,0.7452574525745257,0.48443223443223443,0.9991087344028521,0.5665419141909929,0.6522811344019729,0.48443223443223443,0.9709498018321547,0.9743861897628187
toxic: 4k,0.8581752484191508,0.7142857142857143,0.9982174688057041,0.7452803503520165,0.832443970117396,0.7142857142857143,0.9845644551526905,0.9861996021803411
toxic: 4k,0.8775971093044264,0.7527472527472527,0.9991087344028521,0.777819680403316,0.8584856396866841,0.7527472527472527,0.9907469980999393,0.9912376327049465
toxic: 4k,0.9015356820234869,0.8021978021978022,0.9982174688057041,0.8180363956480694,0.8893401015228427,0.8021978021978022,0.9932224638106991,0.9935745849462344
toxic: 4k,0.9245709123757905,0.8525641025641025,0.9946524064171123,0.8573080732257926,0.9176934450468212,0.8525641025641025,0.9946589358354064,0.9949709873787087
toxic: 4k,0.9439927732610659,0.891941391941392,0.9946524064171123,0.892404638705863,0.9401544401544402,0.891941391941392,0.9954457307398484,0.9957068330893648
toxic: 4k,0.9489611562782294,0.9029304029304029,0.9937611408199644,0.9014016850442074,0.9458033573141486,0.9029304029304029,0.9958032163914518,0.9960291181522206
toxic: 4k,0.9516711833785004,0.9120879120879121,0.9901960784313726,0.9059049421371069,0.9490233444497379,0.9120879120879121,0.9960219519043049,0.9962192880773164
toxic: 4k,0.9561878952122854,0.9203296703296703,0.9910873440285205,0.914496961252312,0.9539629805410536,0.9203296703296703,0.9965165553400847,0.9967524436358428
toxic: 4k,0.9611562782294489,0.9313186813186813,0.9901960784313726,0.9237855005963039,0.959433962264151,0.9313186813186813,0.9965965407141877,0.9968316066585119
toxic: 4k,0.9616079494128275,0.9331501831501832,0.9893048128342246,0.9245517607396504,0.9599623174752707,0.9331501831501832,0.9966855040384452,0.9968943029521065
toxic: 4k,0.9688346883468835,0.9478021978021978,0.9893048128342246,0.9384003599533166,0.967741935483871,0.9478021978021978,0.9968805704099822,0.99711769714836
toxic: 4k,0.9701897018970189,0.9514652014652014,0.9884135472370766,0.9409545436984641,0.9692164179104477,0.9514652014652014,0.9969377028200558,0.9971500599634463
toxic: 4k,0.9728997289972899,0.9542124542124543,0.9910873440285205,0.9463817982268743,0.9720149253731344,0.9542124542124543,0.9970625779449308,0.997290027084389
toxic: 4k,0.971996386630533,0.9542124542124543,0.9893048128342246,0.9445137835185423,0.9711090400745573,0.9542124542124543,0.996975246975247,0.9972428473239173
toxic: 4k,0.9769647696476965,0.967032967032967,0.9866310160427807,0.9540810677154454,0.9764216366158113,0.967032967032967,0.9972160192748428,0.9974490997912085
toxic: 4k,0.974706413730804,0.9578754578754579,0.9910873440285205,0.9498842743352682,0.9739292364990689,0.9578754578754579,0.996964636670519,0.9972535824544099
toxic: 4k,0.9751580849141824,0.9597069597069597,0.9901960784313726,0.9507099784266848,0.9744304974430497,0.9597069597069597,0.9970291146761736,0.99727201765375
toxic: 4k,0.973803071364047,0.9560439560439561,0.9910873440285205,0.9481316335846485,0.972972972972973,0.9560439560439561,0.9971344015461663,0.9974242797483673
toxic: 4k,0.9778681120144534,0.9706959706959707,0.9848484848484849,0.9558077784691604,0.9774089442139235,0.9706959706959707,0.9968642468642469,0.9971670110477268
toxic: 4k,0.979223125564589,0.9688644688644689,0.9893048128342246,0.9586169197897789,0.9787234042553191,0.9688644688644689,0.9972013280836811,0.9975101303713992
toxic: 4k,0.979223125564589,0.967032967032967,0.9910873440285205,0.9586901120699636,0.9786839666357738,0.967032967032967,0.9971605192193428,0.9974292234220136
toxic: 4k,0.979223125564589,0.9716117216117216,0.9866310160427807,0.9585306786994644,0.9787822878228782,0.9716117216117216,0.9968944454238572,0.9972113371055306
toxic: 4k,0.982836495031617,0.978021978021978,0.9875222816399287,0.9657019093227994,0.982520699172033,0.978021978021978,0.9973106958401077,0.9976516141735229
toxic: 4k,0.9805781391147245,0.9706959706959707,0.9901960784313726,0.9613122949594297,0.9801202034211743,0.9706959706959707,0.9968691439279675,0.997215964349581
toxic: 4k,0.978319783197832,0.9652014652014652,0.9910873440285205,0.9569232069359612,0.9777365491651205,0.9652014652014652,0.9972029604382545,0.9975697996355769
toxic: 4k,0.980126467931346,0.9743589743589743,0.9857397504456328,0.9602962556625361,0.9797421731123389,0.9743589743589743,0.996874040991688,0.9972207221323832
toxic: 4k,0.979223125564589,0.967032967032967,0.9910873440285205,0.9586901120699636,0.9786839666357738,0.967032967032967,0.9970046293575705,0.9974061330132387
toxic: 4k,0.9823848238482384,0.9752747252747253,0.9893048128342246,0.9648453508648207,0.9820193637621024,0.9752747252747253,0.9970682911859383,0.9974881890615849
toxic: 4k,0.9805781391147245,0.9697802197802198,0.9910873440285205,0.9613459140109001,0.9801018047200369,0.9697802197802198,0.9969646366705189,0.9973640317188226
toxic: 4k,0.981029810298103,0.9716117216117216,0.9901960784313726,0.962200543310868,0.9805914972273567,0.9716117216117216,0.9971784751196516,0.9975294954422074
toxic: 4k,0.981029810298103,0.9743589743589743,0.9875222816399287,0.9621231474288552,0.9806451612903225,0.9743589743589743,0.9968479233185115,0.9971854962508215
toxic: 4k,0.981029810298103,0.9716117216117216,0.9901960784313726,0.962200543310868,0.9805914972273567,0.9716117216117216,0.9968658792188204,0.9972276024029283
toxic: 4k,0.981029810298103,0.9725274725274725,0.9893048128342246,0.9621715959150655,0.9806094182825486,0.9725274725274725,0.996856901268666,0.9972768454666848
toxic: 4k,0.981029810298103,0.9761904761904762,0.9857397504456328,0.9620872862141803,0.9806807727690893,0.9761904761904762,0.9969393351746292,0.9972604461292937
toxic: 4k,0.98193315266486,0.9743589743589743,0.9893048128342246,0.9639533572018959,0.9815498154981549,0.9743589743589743,0.9970372764490412,0.9974348508657618
toxic: 4k,0.9823848238482384,0.9734432234432234,0.9910873440285205,0.9648972310518084,0.9819861431870668,0.9734432234432234,0.997090327972681,0.9975050605793577
toxic: 4k,0.9832881662149955,0.9771062271062271,0.9893048128342246,0.9666315745923458,0.9829571625978812,0.9771062271062271,0.9970478867537691,0.9975007205446969
toxic: 4k,0.9823848238482384,0.9743589743589743,0.9901960784313726,0.9648697122432447,0.9820027688047992,0.9743589743589743,0.9972339751751517,0.9976352738857671
toxic: 4k,0.981029810298103,0.9734432234432234,0.9884135472370766,0.9621457977010854,0.9806273062730627,0.9734432234432234,0.9968144600497542,0.9972118593989376
toxic: 4k,0.9805781391147245,0.967948717948718,0.9928698752228164,0.9614226028535547,0.9800649049605934,0.967948717948718,0.9967263129027835,0.9972953128873664
toxic: 4k,0.982836495031617,0.9771062271062271,0.9884135472370766,0.9657184205287908,0.9825046040515654,0.9771062271062271,0.9964904376669083,0.9970051898166644
toxic: 4k,0.982836495031617,0.9761904761904762,0.9893048128342246,0.9657380893024042,0.9824884792626728,0.9761904761904762,0.9972225486931369,0.9975950002872358
toxic: 4k,0.98193315266486,0.9771062271062271,0.9866310160427807,0.9638945977684898,0.9816007359705612,0.9771062271062271,0.9967605923488276,0.997193397715373
toxic: 4k,0.982836495031617,0.9771062271062271,0.9884135472370766,0.9657184205287908,0.9825046040515654,0.9771062271062271,0.9968748571689748,0.9972070299093528
toxic: 4k,0.9832881662149955,0.978021978021978,0.9884135472370766,0.9666134448836339,0.9829728485964104,0.978021978021978,0.9970772691360926,0.9974241869357541
toxic: 4k,0.98193315266486,0.9743589743589743,0.9893048128342246,0.9639533572018959,0.9815498154981549,0.9743589743589743,0.9968544527368056,0.9972939347977592
toxic: 4k,0.9823848238482384,0.9761904761904762,0.9884135472370766,0.9648241457189283,0.9820359281437125,0.9761904761904762,0.9968748571689748,0.9972200326933321
toxic: 4k,0.98193315266486,0.9771062271062271,0.9866310160427807,0.9638945977684898,0.9816007359705612,0.9771062271062271,0.9968838351191293,0.9971614502815509
toxic: 4k,0.9823848238482384,0.9789377289377289,0.9857397504456328,0.9647794570977226,0.9820854386770785,0.9789377289377289,0.997149092737328,0.9973501886911423
toxic: 4k,0.9832881662149955,0.9761904761904762,0.9901960784313726,0.9666528653439527,0.9829414476717381,0.9761904761904762,0.996947496947497,0.9973655559735093
toxic: 4k,0.98193315266486,0.9771062271062271,0.9866310160427807,0.9638945977684898,0.9816007359705612,0.9771062271062271,0.9967181511299159,0.9971245419264211
toxic: 4k,0.9814814814814815,0.9734432234432234,0.9893048128342246,0.9630621062411034,0.9810798338717119,0.9734432234432234,0.9968250703544821,0.9972854638344018
toxic: 4k,0.9832881662149955,0.9771062271062271,0.9893048128342246,0.9666315745923458,0.9829571625978812,0.9771062271062271,0.9965377759495406,0.9970130359865838
toxic: 4k,0.9823848238482384,0.9771062271062271,0.9875222816399287,0.9648060957011557,0.9820524620340544,0.9771062271062271,0.9968356806592101,0.9972269629310533
toxic: 4k,0.982836495031617,0.9789377289377289,0.9866310160427807,0.9656885547185022,0.9825367647058824,0.9789377289377289,0.996783445312857,0.9971506564576262
toxic: 4k,0.9805781391147245,0.9743589743589743,0.9866310160427807,0.9612092879720933,0.9801934592353754,0.9743589743589743,0.9965687906864378,0.9970176475038575
toxic: 4k,0.982836495031617,0.9761904761904762,0.9893048128342246,0.9657380893024042,0.9824884792626728,0.9761904761904762,0.9966716290245702,0.9969759671216255
toxic: 4k,0.9823848238482384,0.9743589743589743,0.9901960784313726,0.9648697122432447,0.9820027688047992,0.9743589743589743,0.9966871363930186,0.9972060566467177
toxic: 4k,0.9823848238482384,0.9761904761904762,0.9884135472370766,0.9648241457189283,0.9820359281437125,0.9761904761904762,0.9967034599387541,0.9971357550487667
toxic: 4k,0.982836495031617,0.9761904761904762,0.9893048128342246,0.9657380893024042,0.9824884792626728,0.9761904761904762,0.9970487029310559,0.9973149331331241
toxic: 4k,0.9814814814814815,0.9789377289377289,0.983957219251337,0.9629637211926395,0.9811840293712712,0.9789377289377289,0.9969923866982691,0.9973247375467176
toxic: 4k,0.9814814814814815,0.9752747252747253,0.9875222816399287,0.9630167168455108,0.981114693689544,0.9752747252747253,0.9969679013796662,0.9972997371721668
toxic: 4k,0.9832881662149955,0.9771062271062271,0.9893048128342246,0.9666315745923458,0.9829571625978812,0.9771062271062271,0.9966577540106953,0.9969967987088806
toxic: 4k,0.9823848238482384,0.9752747252747253,0.9893048128342246,0.9648453508648207,0.9820193637621024,0.9752747252747253,0.9969352542881955,0.997376719824734
toxic: 4k,0.9823848238482384,0.9761904761904762,0.9884135472370766,0.9648241457189283,0.9820359281437125,0.9761904761904762,0.9963418934007169,0.9967207376194914
toxic: 4k,0.982836495031617,0.978021978021978,0.9875222816399287,0.9657019093227994,0.982520699172033,0.978021978021978,0.9969140336787395,0.9971843985489257
toxic: 4k,0.9832881662149955,0.9761904761904762,0.9901960784313726,0.9666528653439527,0.9829414476717381,0.9761904761904762,0.9968405777229307,0.9972192893906231
toxic: 4k,0.9814814814814815,0.9771062271062271,0.9857397504456328,0.9629839243962198,0.9811494252873563,0.9771062271062271,0.9969670852023794,0.9972432709853277
toxic: 4k,0.98193315266486,0.978021978021978,0.9857397504456328,0.9638813139873113,0.9816176470588236,0.978021978021978,0.9970266661443133,0.9973620055192675
toxic: 4k,0.98193315266486,0.9734432234432234,0.9901960784313726,0.963979249898532,0.9815327793167129,0.9734432234432234,0.9968830189418424,0.9972794991731013
toxic: 4k,0.9832881662149955,0.978021978021978,0.9884135472370766,0.9666134448836339,0.9829728485964104,0.978021978021978,0.9969050557285851,0.9972787607006368
toxic: 4k,0.9832881662149955,0.9789377289377289,0.9875222816399287,0.9665984752041582,0.9829885057471265,0.9789377289377289,0.9970927765045412,0.9974490414887878
toxic: 4k,0.98193315266486,0.9716117216117216,0.9919786096256684,0.9640405019376016,0.9814986123959297,0.9716117216117216,0.9967720188308424,0.9972246234072373
toxic: 4k,0.98193315266486,0.9771062271062271,0.9866310160427807,0.9638945977684898,0.9816007359705612,0.9771062271062271,0.997013607307725,0.9972793992850885
toxic: 4k,0.9823848238482384,0.9771062271062271,0.9875222816399287,0.9648060957011557,0.9820524620340544,0.9771062271062271,0.9969360704654823,0.9971966488340731
toxic: 4k,0.981029810298103,0.9734432234432234,0.9884135472370766,0.9621457977010854,0.9806273062730627,0.9734432234432234,0.9968887321828499,0.9972537508004421
toxic: 4k,0.9805781391147245,0.9752747252747253,0.9857397504456328,0.9611913973361994,0.980211688909342,0.9752747252747253,0.9967842614901439,0.997102574145618
toxic: 4k,0.98193315266486,0.9761904761904762,0.9875222816399287,0.9639110322400392,0.9815837937384899,0.9761904761904762,0.9971139971139972,0.9974810239526952
toxic: 4k,0.981029810298103,0.9752747252747253,0.9866310160427807,0.9621036439512877,0.9806629834254144,0.9752747252747253,0.9971923501335266,0.9974224563390452
toxic: 4k,0.982836495031617,0.9761904761904762,0.9893048128342246,0.9657380893024042,0.9824884792626728,0.9761904761904762,0.9969401513519162,0.997369341237279
toxic: 4k,0.9796747967479674,0.9688644688644689,0.9901960784313726,0.9595379979081443,0.979176307265155,0.9688644688644689,0.995892995892996,0.9963038411499877
toxic: 4k,0.9787714543812105,0.9771062271062271,0.9803921568627451,0.9575370699908449,0.9784502521779,0.9771062271062271,0.996188452070805,0.9961307909344457
toxic: 4k,0.98193315266486,0.9771062271062271,0.9866310160427807,0.9638945977684898,0.9816007359705612,0.9771062271062271,0.9968438424320777,0.9969362037442863
toxic: 4k,0.9774164408310749,0.9771062271062271,0.9777183600713012,0.9548245871775284,0.9771062271062271,0.9771062271062271,0.9953318740083446,0.9955526544444336
toxic: 4k,0.9805781391147245,0.9725274725274725,0.9884135472370766,0.9612545002389622,0.9801568989386248,0.9725274725274725,0.9964194302429596,0.996830243677573
toxic: 4k,0.9832881662149955,0.9798534798534798,0.9866310160427807,0.9665866646334428,0.983004134129536,0.9798534798534798,0.9965112501877208,0.9968572790035919
toxic: 4k,0.98193315266486,0.9743589743589743,0.9893048128342246,0.9639533572018959,0.9815498154981549,0.9743589743589743,0.9966814231520112,0.9970471565739922
toxic: 4k,0.982836495031617,0.9752747252747253,0.9901960784313726,0.9657609167027065,0.9824723247232473,0.9752747252747253,0.996769570298982,0.9971934397330611
toxic: 4k,0.980126467931346,0.9798534798534798,0.9803921568627451,0.960245636716225,0.9798534798534798,0.9798534798534798,0.9966748937337172,0.9970332007707134
toxic: 4k,0.981029810298103,0.9752747252747253,0.9866310160427807,0.9621036439512877,0.9806629834254144,0.9752747252747253,0.996665099606276,0.9970704973692345
toxic: 4k,0.979223125564589,0.978021978021978,0.9803921568627451,0.9584391674125572,0.9789184234647113,0.978021978021978,0.9967124378889085,0.997107689893969
toxic: 4k,0.979223125564589,0.9743589743589743,0.983957219251337,0.9584726631055611,0.9788408463661452,0.9743589743589743,0.9959289076936136,0.9962415546886141
toxic: 4k,0.9796747967479674,0.9761904761904762,0.9830659536541889,0.959357834490562,0.979329352319706,0.9761904761904762,0.9965247171129524,0.9968589875712025
toxic: 4k,0.9774164408310749,0.9697802197802198,0.9848484848484849,0.9549155596978433,0.9769372693726938,0.9697802197802198,0.9964484045366397,0.9967820524885261
toxic: 4k,0.9796747967479674,0.9706959706959707,0.9884135472370766,0.9594741207163898,0.9792147806004619,0.9706959706959707,0.9965842980548862,0.9970132163979497
toxic: 4k,0.9796747967479674,0.9743589743589743,0.9848484848484849,0.9593840481537212,0.9792913023469858,0.9743589743589743,0.9964308567249744,0.9968115391983245
toxic: 4k,0.981029810298103,0.9752747252747253,0.9866310160427807,0.9621036439512877,0.9806629834254144,0.9752747252747253,0.996714070243482,0.9971021076708678
toxic: 4k,0.981029810298103,0.9743589743589743,0.9875222816399287,0.9621231474288552,0.9806451612903225,0.9743589743589743,0.9968487394957983,0.9972772197225778
toxic: 4k,0.98193315266486,0.9761904761904762,0.9875222816399287,0.9639110322400392,0.9815837937384899,0.9761904761904762,0.9967540629305336,0.9971778869687453
toxic: 5k,0.8224932249322493,0.6392988929889298,0.9982300884955753,0.6867244430391036,0.7790893760539629,0.6392988929889298,0.9800582895209484,0.98097670602432
toxic: 5k,0.8794037940379403,0.757380073800738,0.9964601769911504,0.7793904648694877,0.8601361969617601,0.757380073800738,0.9881486137870229,0.9882965013841012
toxic: 5k,0.8992773261065944,0.7979704797047971,0.9964601769911504,0.8132776313230607,0.8858166922683053,0.7979704797047971,0.9916329229663977,0.9917997824347629
toxic: 5k,0.9236675700090334,0.8505535055350554,0.9938053097345133,0.8553059315440291,0.9160457029309487,0.8505535055350554,0.9929587238350259,0.9930763925296247
toxic: 5k,0.9336043360433605,0.8699261992619927,0.9946902654867257,0.873371458772429,0.9276930644367929,0.8699261992619927,0.9940240995330307,0.9940972732236374
toxic: 5k,0.9426377597109304,0.8892988929889298,0.9938053097345133,0.8896529745673554,0.9381995133819951,0.8892988929889298,0.9946910818665708,0.9947804310202991
toxic: 5k,0.9439927732610659,0.8911439114391144,0.9946902654867257,0.8923030234143411,0.9396887159533075,0.8911439114391144,0.9951360088822127,0.9952441555046877
toxic: 5k,0.9525745257452575,0.9086715867158671,0.9946902654867257,0.9081666593110936,0.9493975903614458,0.9086715867158671,0.9955246056885347,0.9957106374305358
toxic: 5k,0.948509485094851,0.8994464944649446,0.995575221238938,0.9007760234907348,0.9447674418604651,0.8994464944649446,0.9958617705646083,0.9960314416004205
toxic: 5k,0.9570912375790425,0.9169741697416974,0.995575221238938,0.9167255999085617,0.9543927028324533,0.9169741697416974,0.9959083042157855,0.996101400586801
toxic: 5k,0.9570912375790425,0.9169741697416974,0.995575221238938,0.9167255999085617,0.9543927028324533,0.9169741697416974,0.9961466871305881,0.9962829907700838
toxic: 5k,0.9607046070460704,0.9243542435424354,0.995575221238938,0.9235066387824374,0.9583931133428981,0.9243542435424354,0.9964226235182705,0.9965861051760073
toxic: 5k,0.9643179765130985,0.933579335793358,0.9938053097345133,0.9301280021597278,0.9624346172135045,0.933579335793358,0.9966495771152402,0.9966947118970213
toxic: 5k,0.9634146341463414,0.9298892988929889,0.995575221238938,0.9286186682880145,0.9613733905579399,0.9298892988929889,0.9966618228129183,0.9968720006576899
toxic: 5k,0.964769647696477,0.9326568265682657,0.995575221238938,0.9311832567217946,0.9628571428571429,0.9326568265682657,0.9968316298207229,0.9970536406568721
toxic: 5k,0.964769647696477,0.9326568265682657,0.995575221238938,0.9311832567217946,0.9628571428571429,0.9326568265682657,0.9969181660843157,0.9970086738436417
toxic: 5k,0.9670280036133695,0.9372693726937269,0.995575221238938,0.9354704405311587,0.9653206650831353,0.9372693726937269,0.9971222610456194,0.9971868624525693
toxic: 5k,0.967479674796748,0.9391143911439115,0.9946902654867257,0.9362383769470725,0.9658444022770399,0.9391143911439115,0.9970414394409431,0.9971145583920477
toxic: 5k,0.967479674796748,0.9391143911439115,0.9946902654867257,0.9362383769470725,0.9658444022770399,0.9391143911439115,0.997171243836332,0.9972336153769205
toxic: 5k,0.9701897018970189,0.9464944649446494,0.9929203539823008,0.941260852513447,0.9688385269121813,0.9464944649446494,0.997254514580544,0.9973577173717577
toxic: 5k,0.9683830171635049,0.9437269372693727,0.9920353982300885,0.9377149429261741,0.9669187145557655,0.9437269372693727,0.9972520654410083,0.9973232610917682
toxic: 5k,0.967479674796748,0.9391143911439115,0.9946902654867257,0.9362383769470725,0.9658444022770399,0.9391143911439115,0.9971426705417497,0.9972527631829826
toxic: 5k,0.969286359530262,0.9437269372693727,0.9938053097345133,0.9396056374210702,0.967833491012299,0.9437269372693727,0.997300231851876,0.9974080682761822
toxic: 5k,0.9706413730803974,0.9474169741697417,0.9929203539823008,0.9421291945349134,0.9693251533742332,0.9474169741697417,0.9974847336968945,0.997570193151365
toxic: 5k,0.9679313459801264,0.9400369003690037,0.9946902654867257,0.9370998482593197,0.9663347558084401,0.9400369003690037,0.9973141103092447,0.9973798617901493
toxic: 5k,0.9728997289972899,0.9547970479704797,0.9902654867256637,0.9462963084135277,0.9718309859154929,0.9547970479704797,0.9972365542239493,0.9973069810199433
toxic: 5k,0.9683830171635049,0.9428044280442804,0.9929203539823008,0.9377941751619917,0.9668874172185431,0.9428044280442804,0.9974333017666459,0.9975041513170895
toxic: 5k,0.971093044263776,0.9474169741697417,0.9938053097345133,0.943071869320026,0.9697828139754485,0.9474169741697417,0.9974928974953465,0.9975326307885624
toxic: 5k,0.9697380307136405,0.9446494464944649,0.9938053097345133,0.9404711932824381,0.9683215130023641,0.9446494464944649,0.9972194102471997,0.9972752712480604
toxic: 5k,0.971093044263776,0.948339483394834,0.9929203539823008,0.9429982093957964,0.969811320754717,0.948339483394834,0.9974765698984424,0.9975607186920102
toxic: 5k,0.9697380307136405,0.9455719557195572,0.9929203539823008,0.9403931814451932,0.9683514407179972,0.9455719557195572,0.9972716585572935,0.9974380779754367
toxic: 5k,0.973803071364047,0.955719557195572,0.9911504424778761,0.9481061330259911,0.9727699530516432,0.955719557195572,0.9971908369526172,0.9973071003083246
toxic: 5k,0.9733514001806685,0.9529520295202952,0.9929203539823008,0.9473534426119697,0.972235294117647,0.9529520295202952,0.9973696241387192,0.9974327969395136
toxic: 5k,0.9706413730803974,0.9474169741697417,0.9929203539823008,0.9421291945349134,0.9693251533742332,0.9474169741697417,0.9975867811775463,0.9976556359383956
toxic: 5k,0.9715447154471545,0.9501845018450185,0.9920353982300885,0.9437988161222987,0.970325011775789,0.9501845018450185,0.9974120758906703,0.9975468755460244
toxic: 5k,0.971996386630533,0.9501845018450185,0.9929203539823008,0.944738265202236,0.9707822808671066,0.9501845018450185,0.9973108447898638,0.9974843104479199
toxic: 5k,0.9724480578139115,0.9511070110701108,0.9929203539823008,0.9456093099418695,0.971267074894018,0.9511070110701108,0.9975296345883813,0.9976196674869866
toxic: 5k,0.9733514001806685,0.9538745387453874,0.9920353982300885,0.9472902098463358,0.9722614010343207,0.9538745387453874,0.9974145250302061,0.9974759830608958
toxic: 5k,0.9742547425474255,0.9603321033210332,0.9876106194690265,0.9487854411708391,0.9733520336605891,0.9603321033210332,0.9973614603402672,0.9974221644130083
toxic: 5k,0.974706413730804,0.9584870848708487,0.9902654867256637,0.9498077069295962,0.9737582005623242,0.9584870848708487,0.9974798354178231,0.9975791954078636
toxic: 5k,0.9728997289972899,0.9547970479704797,0.9902654867256637,0.9462963084135277,0.9718309859154929,0.9547970479704797,0.9973222741076968,0.9974828120289438
toxic: 5k,0.9706413730803974,0.9492619926199262,0.9911504424778761,0.9419883223027279,0.96938294865756,0.9492619926199262,0.9971892041929268,0.9973657329525236
toxic: 5k,0.9733514001806685,0.9566420664206642,0.9893805309734514,0.9471192561577504,0.9723394280356306,0.9566420664206642,0.9975337164876074,0.9976367284662634
toxic: 5k,0.971996386630533,0.9529520295202952,0.9902654867256637,0.9445447532916653,0.9708646616541353,0.9529520295202952,0.9972953335728048,0.9973857601172963
toxic: 5k,0.971996386630533,0.9492619926199262,0.9938053097345133,0.944809012501869,0.970754716981132,0.9492619926199262,0.9972830878751265,0.9975189206979923
toxic: 5k,0.971996386630533,0.9547970479704797,0.988495575221239,0.9444313273599744,0.9709193245778611,0.9547970479704797,0.9974030957123731,0.9975397871468148
toxic: 5k,0.973803071364047,0.9575645756457565,0.9893805309734514,0.947998231817913,0.9728209934395502,0.9575645756457565,0.9975516768442021,0.997627904808319
toxic: 5k,0.9733514001806685,0.959409594095941,0.9867256637168141,0.9469763693623173,0.9724170172978027,0.959409594095941,0.996927146262613,0.997177223745174
toxic: 5k,0.9751580849141824,0.9566420664206642,0.9929203539823008,0.9508499342945933,0.9741662752465947,0.9566420664206642,0.9974128922705155,0.997550532104423
toxic: 5k,0.9751580849141824,0.9630996309963099,0.9867256637168141,0.950514227215886,0.974335044330378,0.9630996309963099,0.9975835156581655,0.9976780528440958
toxic: 5k,0.9742547425474255,0.9649446494464945,0.9831858407079646,0.9486088182626817,0.9734760353652862,0.9649446494464945,0.9975100414720961,0.9976380302803501
toxic: 5k,0.971996386630533,0.9538745387453874,0.9893805309734514,0.9444864838010644,0.9708920187793427,0.9538745387453874,0.9974153414100512,0.9975500751061039
toxic: 5k,0.973803071364047,0.9575645756457565,0.9893805309734514,0.947998231817913,0.9728209934395502,0.9575645756457565,0.997310844789864,0.9974092904061176
toxic: 5k,0.9760614272809395,0.9649446494464945,0.9867256637168141,0.9522874024126684,0.9752913752913753,0.9649446494464945,0.9975443294255951,0.9976089871509419
toxic: 5k,0.974706413730804,0.9575645756457565,0.9911504424778761,0.949860267984666,0.9737335834896811,0.9575645756457565,0.9975541259837377,0.9976749217046305
toxic: 5k,0.9742547425474255,0.9584870848708487,0.9893805309734514,0.9488779031710395,0.9733021077283373,0.9584870848708487,0.9974847336968944,0.9975743963432291
toxic: 5k,0.974706413730804,0.974169741697417,0.9752212389380531,0.9493909806354701,0.974169741697417,0.974169741697417,0.9967597883943441,0.9968651738121226
toxic: 5k,0.9724480578139115,0.9630996309963099,0.9814159292035398,0.9449920645901091,0.9716147045137273,0.9630996309963099,0.9973908500146947,0.997511229607653
toxic: 5k,0.9728997289972899,0.966789667896679,0.9787610619469026,0.9458194755133965,0.9721706864564007,0.966789667896679,0.9967916272083074,0.9969946006059719
toxic: 5k,0.9679313459801264,0.9446494464944649,0.9902654867256637,0.9366964669203522,0.9664936290703162,0.9446494464944649,0.9972439016425562,0.9974038177785393
toxic: 5k,0.9728997289972899,0.9630996309963099,0.9823008849557522,0.945910319932581,0.9720670391061451,0.9630996309963099,0.9971124644874767,0.9972575472223506
toxic: 5k,0.9733514001806685,0.9612546125461254,0.9849557522123894,0.9468966752604152,0.9724685020998601,0.9612546125461254,0.9973369689449106,0.9973962870545972
toxic: 5k,0.9733514001806685,0.9630996309963099,0.9831858407079646,0.9468294140674471,0.9725197950628784,0.9630996309963099,0.9972912516735788,0.997380425877075
toxic: 5k,0.971996386630533,0.9575645756457565,0.9858407079646018,0.944284513061345,0.971000935453695,0.9575645756457565,0.9972692094177579,0.997359258854743
toxic: 5k,0.9733514001806685,0.9575645756457565,0.988495575221239,0.9470685117021768,0.9723653395784544,0.9575645756457565,0.9973826862162427,0.9974814123883383
toxic: 5k,0.973803071364047,0.9649446494464945,0.9823008849557522,0.9476912766379064,0.9730232558139535,0.9649446494464945,0.9972643111386866,0.997341411786692
toxic: 5k,0.975609756097561,0.9732472324723247,0.9778761061946902,0.9512009959692229,0.9750462107208873,0.9732472324723247,0.9970969532704177,0.9972225342332067
toxic: 5k,0.9728997289972899,0.9575645756457565,0.9876106194690265,0.9461396535419231,0.9719101123595506,0.9575645756457565,0.997327172386768,0.9974123552023748
toxic: 5k,0.973803071364047,0.9621771217712177,0.9849557522123894,0.9477830478128093,0.9729477611940299,0.9621771217712177,0.9974610586813832,0.9975136332008961
toxic: 5k,0.9751580849141824,0.9686346863468634,0.9814159292035398,0.9503481987433715,0.974477958236659,0.9686346863468634,0.9973924827743852,0.997465838554469
toxic: 5k,0.9733514001806685,0.9603321033210332,0.9858407079646018,0.9469349672744408,0.9724427837459132,0.9603321033210332,0.9964152760996636,0.9968900210147885
toxic: 5k,0.971996386630533,0.9566420664206642,0.9867256637168141,0.9443303442241849,0.9709737827715356,0.9566420664206642,0.9975639225418802,0.9976223523695807
toxic: 5k,0.974706413730804,0.9621771217712177,0.9867256637168141,0.9496287041822828,0.9738562091503268,0.9621771217712177,0.9975859647977011,0.9976667960985995
toxic: 5k,0.9728997289972899,0.9575645756457565,0.9876106194690265,0.9461396535419231,0.9719101123595506,0.9575645756457565,0.9975288182085361,0.9975785854230461
toxic: 5k,0.9733514001806685,0.9612546125461254,0.9849557522123894,0.9468966752604152,0.9724685020998601,0.9612546125461254,0.997441465565098,0.9974903195223324
toxic: 5k,0.975609756097561,0.9677121771217713,0.9831858407079646,0.951283293669318,0.974907063197026,0.9677121771217713,0.9973430917937499,0.9973906450293003
toxic: 5k,0.9706413730803974,0.9575645756457565,0.9831858407079646,0.9415082045243844,0.969640354974311,0.9575645756457565,0.9970912386115012,0.9972350250804859
toxic: 5k,0.974706413730804,0.9704797047970479,0.9787610619469026,0.94940819829461,0.9740740740740741,0.9704797047970479,0.9973141103092447,0.9973764304773947
toxic: 5k,0.9751580849141824,0.9704797047970479,0.9796460176991151,0.9503177574141025,0.9745252431681335,0.9704797047970479,0.9974814681775137,0.9975278755997937
toxic: 5k,0.973803071364047,0.9612546125461254,0.9858407079646018,0.9478198564789115,0.9729225023342669,0.9612546125461254,0.9974194233092772,0.9975189504999966
toxic: 5k,0.973803071364047,0.959409594095941,0.9876106194690265,0.9479028120376616,0.9728718428437791,0.959409594095941,0.9975810665186298,0.997656609751025
toxic: 5k,0.976513098464318,0.966789667896679,0.9858407079646018,0.953144078518919,0.9757914338919925,0.966789667896679,0.9975386147666787,0.9976013245332338
toxic: 5k,0.976513098464318,0.966789667896679,0.9858407079646018,0.953144078518919,0.9757914338919925,0.966789667896679,0.9975124906116318,0.9976293510439714
toxic: 5k,0.9697380307136405,0.9474169741697417,0.9911504424778761,0.9402465019677225,0.9684111268269683,0.9474169741697417,0.9975157561310126,0.9975468015519999
toxic: 5k,0.9733514001806685,0.9630996309963099,0.9831858407079646,0.9468294140674471,0.9725197950628784,0.9630996309963099,0.9971067498285602,0.9972356784668823
toxic: 5k,0.9760614272809395,0.966789667896679,0.9849557522123894,0.9522255719352545,0.9753373662168451,0.966789667896679,0.9971834895340104,0.9972423148122296
toxic: 5k,0.9728997289972899,0.9621771217712177,0.9831858407079646,0.9459407797022509,0.9720410065237652,0.9621771217712177,0.9969483721385886,0.9971168769297515
toxic: 5k,0.974706413730804,0.966789667896679,0.9823008849557522,0.9494750963604977,0.9739776951672863,0.966789667896679,0.9971230774254645,0.9971263397219583
toxic: 5k,0.9728997289972899,0.959409594095941,0.9858407079646018,0.946050781629561,0.9719626168224299,0.959409594095941,0.9972071645495215,0.9972908924680169
toxic: 5k,0.9728997289972899,0.9575645756457565,0.9876106194690265,0.9461396535419231,0.9719101123595506,0.9575645756457565,0.9973230904875421,0.9973712940417663
toxic: 5k,0.9751580849141824,0.9677121771217713,0.9823008849557522,0.9503680849569958,0.974454249883883,0.9677121771217713,0.997235737844104,0.9973671580080924
toxic: 5k,0.974706413730804,0.9630996309963099,0.9858407079646018,0.9495917535520574,0.9738805970149252,0.9630996309963099,0.9975214707899291,0.9975781588116042
toxic: 5k,0.973803071364047,0.9640221402214022,0.9831858407079646,0.9477187595791655,0.972998137802607,0.9640221402214022,0.997399830192992,0.9975145161861315
toxic: 5k,0.975609756097561,0.9658671586715867,0.9849557522123894,0.9513356388723345,0.9748603351955307,0.9658671586715867,0.9976259674101166,0.9977029562013505
toxic: 5k,0.9742547425474255,0.9621771217712177,0.9858407079646018,0.9487054512381505,0.973401773215119,0.9621771217712177,0.9977043398752571,0.9977656396066878
toxic: 5k,0.9751580849141824,0.9621771217712177,0.9876106194690265,0.9505528091078117,0.9743110695936479,0.9621771217712177,0.9977745485419456,0.9978306733049949
toxic: 5k,0.9751580849141824,0.9640221402214022,0.9858407079646018,0.9504787654252772,0.9743589743589743,0.9640221402214022,0.9976953596969598,0.9977175606766918
toxic: 5k,0.974706413730804,0.9621771217712177,0.9867256637168141,0.9496287041822828,0.9738562091503268,0.9621771217712177,0.9977018907357216,0.9977284071664257
toxic: 5k,0.976513098464318,0.9658671586715867,0.9867256637168141,0.95317505858888,0.9757688723205964,0.9658671586715867,0.9974733043790616,0.9975670932093609
toxic: 5k,0.975609756097561,0.9649446494464945,0.9858407079646018,0.9513664888672226,0.9748369058713886,0.9649446494464945,0.9977231166116971,0.9977888638901682
toxic,0.9701943213818884,0.9518213290868487,0.9885333342513043,0.9421595236143306,0.9686368382444202,0.9518213290868487,0.9966239438320662,0.9968540573040992
